{
  "project_info": {
    "project_number": "987333100905",
    "firebase_url": "https://iskcon-c16bc.firebaseio.com",
    "project_id": "iskcon-c16bc",
    "storage_bucket": "iskcon-c16bc.appspot.com"
  },
  "client": [
    {
      "client_info": {
        "mobilesdk_app_id": "1:987333100905:android:dc717b48e70266e2",
        "android_client_info": {
          "package_name": "com.temple.iskcon.iskcon"
        }
      },
      "oauth_client": [
        {
          "client_id": "987333100905-ge1ta5m2t2254gic6io37cd3ghk029sc.apps.googleusercontent.com",
          "client_type": 1,
          "android_info": {
            "package_name": "com.temple.iskcon.iskcon",
            "certificate_hash": "ce4ee6007082d611ff718fbf66e1dcca04df0eac"
          }
        },
        {
          "client_id": "987333100905-tgmphsbm4v401q9i2aape8i3tu57ekpa.apps.googleusercontent.com",
          "client_type": 3
        }
      ],
      "api_key": [
        {
          "current_key": "AIzaSyBCiYW_5L25X7NVV_8hoFFI3HvlsYIRTSQ"
        }
      ],
      "services": {
        "analytics_service": {
          "status": 1
        },
        "appinvite_service": {
          "status": 2,
          "other_platform_oauth_client": [
            {
              "client_id": "987333100905-tgmphsbm4v401q9i2aape8i3tu57ekpa.apps.googleusercontent.com",
              "client_type": 3
            }
          ]
        },
        "ads_service": {
          "status": 2
        }
      }
    }
  ],
  "configuration_version": "1"
}